pdb	wt	mut	SecStr	ASA	size	monomers	pH	dpSFFCB	dpSFFCA	dcontSFF	dmass	diso	dhydro	ddGexp
1aj3	H	A	C	162.32	98	1	7	0.0703	0.0936	0.0856	66.07	1.47	-0.17	-0.5
1aj3	I	A	H	1.84	98	1	7	-0.1577	-0.1924	-0.0806	42.08	-0.06	1.41	3.6
1aj3	E	A	H	84.63	98	1	7	0.0417	-0.0139	-0.2254	58.04	-2.78	-1.28	-0.1
1aj3	K	A	H	2.75	98	1	7	0.0512	0.1625	-0.0667	57.1	3.59	-1.91	0
1aj3	V	A	H	27.68	98	1	7	0.1221	-0.1095	0.0516	28.06	-0.04	1.04	0.2
1aj3	T	A	H	64.4	98	1	7	0.1464	0.0935	-0.0201	30.03	-0.36	-0.81	-0.3
1aj3	V	A	H	87.19	98	1	7	0.005	0.0118	0.0516	28.06	-0.04	1.04	0.4
1aj3	N	G	H	19.27	98	1	7	-0.0062	0.0314	-0.0063	57.05	-0.56	-0.72	0.4
1aj3	L	A	H	80.4	98	1	7	-0.0891	-0.1852	-0.0793	42.08	-0.02	1.29	0.2
1aj3	K	A	H	75.68	98	1	7	0.0222	0.0337	-0.2115	57.1	3.59	-1.91	-0.4
1aj3	K	G	H	75.68	98	1	7	-0.1697	-0.0931	-0.0214	71.12	3.62	-0.9	0.5
1aj3	I	A	H	21.28	98	1	7	-0.2367	-0.212	-0.0806	42.08	-0.06	1.41	2
1aj3	Q	A	H	142.32	98	1	7	-0.028	-0.0269	-0.2191	57.06	-0.35	-1.82	0
1aj3	Q	G	H	142.32	98	1	7	-0.2885	-0.1467	-0.029	71.08	-0.32	-0.81	1.3
1aj3	L	A	H	13.47	98	1	7	-0.4933	-0.3531	-0.0793	42.08	-0.02	1.29	2.8
1aj3	D	A	H	57.32	98	1	7	0.1258	0.0087	-0.233	44.01	-3.23	-1.4	-0.7
1aj3	D	G	H	57.32	98	1	7	-0.1019	-0.1519	-0.0428	58.03	-3.2	-0.39	0.3
1aj3	K	A	H	99.07	98	1	7	-0.0385	0.0142	-0.2115	57.1	3.59	-1.91	0.4
1aj3	K	G	H	99.07	98	1	7	-0.2348	-0.1711	-0.0214	71.12	3.62	-0.9	1.3
1aj3	L	A	H	19.03	98	1	7	-0.2478	-0.3688	-0.0793	42.08	-0.02	1.29	3.8
1aky	Q	E	H	139.96	218	1	7.7	-0.0459	-0.019	0.003	-0.98	2.43	-0.54	0.96
1aon	I	W	C	76.85	97	1	7.8	0.1352	0.0116	-0.0217	-73.06	0.05	0.56	0.2
1aps	I	V	C	4.22	98	1	5.5	0.0047	-0.072	0.0038	14.02	-0.02	0.37	1.41
1a2p	K	A	H	68.4	108	1	6.3	-0.0036	0.1171	-0.0294	57.1	3.59	-1.91	-0.44
1a2p	R	A	C	205.73	108	1	6.3	-0.0757	-0.0034	-0.1394	85.11	5.15	-0.91	-0.64
1a2p	I	T	C	0.0	108	1	6.3	-0.0391	-0.241	-0.0392	12.05	0.3	2.22	2.64
1bta	K	Q	H	174.33	89	1	8	0.1123	0.0288	0.0073	0.04	3.94	-0.09	0.79
1bta	K	E	H	66.81	89	1	8	-0.1771	-0.0832	-0.0218	-0.94	6.37	-0.63	1.17
1bta	R	L	H	138.86	89	1	8	0.2388	0.3015	-0.0029	43.03	5.17	-2.2	-0.75
1bvc	H	V	H	1.92	153	1	7	0.13	0.2941	0.0	38.01	1.51	-1.21	0.52
1bvc	H	Q	C	145.49	153	1	7	0.0457	0.0368	0.2597	9.01	1.82	1.65	0.62
1bvc	H	F	C	29.28	153	1	7	0.1716	0.185	0.0123	-10.03	1.99	-1.34	0.68
1c9o	E	K	C	163.35	66	1	7	-0.0105	-0.0299	-0.0273	0.94	-6.37	0.63	0.32
1c9o	E	A	C	165.17	66	1	7	0.0041	0.016	-0.2708	58.04	-2.78	-1.28	0.29
1c9o	F	W	C	154.13	66	1	7	0.0424	-0.0292	-0.0228	-39.04	-0.41	0.32	-0.24
1c9o	E	K	E	63.24	66	1	7	0.003	0.0665	0.025	0.94	-6.37	0.63	0.58
1c9o	R	E	C	216.44	66	1	7	-0.0032	0.0576	0.0887	27.07	7.93	0.37	-0.69
1cey	D	A	C	12.16	128	1	7	0.0338	0.2369	-0.0101	44.01	-3.23	-1.4	-2.5
1cey	F	N	C	85.56	128	1	7.5	0.0619	-0.1266	0.2971	33.07	0.07	2.9	-2.64
1cey	D	A	C	11.53	128	1	7	0.1137	0.4228	-0.0101	44.01	-3.23	-1.4	-3.3
1cey	A	G	C	115.14	128	1	8	0.028	0.0053	0.1849	14.02	0.03	1.01	0.31
1cey	A	G	C	85.34	128	1	8	0.0188	-0.0768	-0.0228	14.02	0.03	1.01	-0.43
1cey	A	G	C	50.34	128	1	8	0.0612	0.0097	0.1849	14.02	0.03	1.01	-0.04
1cey	A	G	H	56.58	128	1	8	-0.1668	-0.1826	0.1849	14.02	0.03	1.01	0.48
1cse	V	A	E	0.0	63	1	7	-0.4734	-0.2632	-0.0464	28.06	-0.04	1.04	1.58
1csp	E	Q	E	76.38	67	1	7.5	0.0845	0.1426	0.0133	0.98	-2.43	0.54	-1.14
1csp	E	S	C	138.34	67	1	7	-0.0533	0.1069	-0.0556	42.04	-2.46	-0.16	-0.29
1csp	S	R	E	29.1	67	1	7	-0.0927	0.0334	0.0779	-69.11	-5.47	-0.21	-1.58
1csp	R	Q	C	234.87	67	1	7.5	0.0055	0.0329	0.0734	28.05	5.5	0.91	-0.28
1cun	Q	G	H	93.63	113	1	7	-0.2774	-0.1169	-0.0132	71.08	-0.32	-0.81	1.15
1cun	A	G	H	45.58	113	1	7	-0.1741	-0.166	0.1953	14.02	0.03	1.01	1.65
1cun	I	A	H	0.83	113	1	7	-0.1146	-0.1515	-0.0641	42.08	-0.06	1.41	1.65
1cun	I	V	H	0.83	113	1	7	-0.1245	-0.0406	0.0051	14.02	-0.02	0.37	2.85
1cun	K	A	H	106.86	113	1	7	-0.0093	0.0372	-0.2004	57.1	3.59	-1.91	0.15
1cun	K	G	H	106.86	113	1	7	-0.2098	-0.0742	-0.0051	71.12	3.62	-0.9	1.45
1cun	A	G	H	59.13	113	1	7	-0.1017	-0.0958	0.1953	14.02	0.03	1.01	1.45
1cun	F	L	H	16.26	113	1	7	0.2816	0.2054	0.0041	34.02	-0.5	-0.12	1.85
1cun	A	G	H	49.33	113	1	7	-0.0376	-0.1789	0.1953	14.02	0.03	1.01	1.95
1cun	A	G	H	58.56	113	1	7	-0.1177	-0.0864	0.1953	14.02	0.03	1.01	1.35
1cun	M	A	H	17.93	113	1	7	-0.1704	-0.1015	-0.0682	60.12	-0.26	0.98	2.65
1cun	L	A	H	0.15	113	1	7	-0.4525	-0.3128	-0.0661	42.08	-0.02	1.29	4.55
1cun	S	A	H	62.57	113	1	7	0.1725	0.1079	-0.2716	16.0	-0.32	-1.12	-0.15
1cun	S	G	H	62.57	113	1	7	0.0423	-0.0176	-0.0743	30.02	-0.29	-0.11	0.95
1cun	L	A	H	0.0	113	1	7	-0.3213	-0.3043	-0.0661	42.08	-0.02	1.29	4.05
1cun	A	G	H	47.03	113	1	7	-0.1091	-0.1673	0.1953	14.02	0.03	1.01	1.45
1cun	L	A	H	0.0	113	1	7	-0.0575	-0.152	-0.0661	42.08	-0.02	1.29	3.65
1dkt	S	A	E	33.46	72	1	7.5	-0.0305	0.1553	-0.2937	16.0	-0.32	-1.12	0.43
1dkt	K	A	E	102.65	72	1	7.5	-0.0893	0.1657	-0.2577	57.1	3.59	-1.91	-0.62
1dkt	S	A	C	59.57	72	1	7.5	-0.0812	0.1495	-0.2937	16.0	-0.32	-1.12	0.6
1dkt	V	A	E	85.21	72	1	7.5	-0.2555	-0.2696	-0.0799	28.06	-0.04	1.04	0.73
1dkt	M	L	E	105.43	72	1	7.5	0.0278	0.1405	-0.0519	18.04	-0.24	-0.31	0.23
1dkt	R	A	E	56.2	72	1	7.5	-0.0294	0.058	-0.0739	85.11	5.15	-0.91	0.59
1e65	I	S	E	1.07	128	1	7.3	-0.3516	-0.3536	-0.0405	26.08	0.26	2.53	3.44
1e65	I	T	E	7.53	128	1	7	-0.1746	-0.377	-0.0346	12.05	0.3	2.22	2.39
1e65	V	T	E	0.0	128	1	7	-0.1595	-0.1934	-0.0422	-1.97	0.32	1.85	1.08
1e65	L	V	E	0.0	128	1	7	-0.013	-0.1513	0.0068	14.02	0.02	0.25	0.36
1e65	V	G	H	18.15	128	1	7	-0.1576	-0.3502	-0.049	42.08	-0.01	2.05	3.11
1e65	A	G	C	8.82	128	1	7	-0.1254	-0.2378	-0.0169	14.02	0.03	1.01	3.11
1e65	V	T	E	27.43	128	1	7	-0.0385	-0.1475	-0.0422	-1.97	0.32	1.85	-0.96
1e65	H	G	C	18.53	128	1	7	0.0182	-0.0498	-0.0439	80.09	1.5	0.84	2.18
1ey0	L	V	C	53.72	136	1	7	0.0462	-0.0096	0.0324	14.02	0.02	0.25	1.15
1ey0	K	F	E	94.15	136	1	7	-0.0995	0.1038	0.0031	-19.0	4.11	-3.08	1.03
1ey0	T	C	E	87.69	136	1	7	0.0793	0.2403	0.0324	-2.03	0.62	-2.01	1.2
1ey0	L	V	E	40.79	136	1	7	-0.1468	-0.0433	0.0046	14.02	0.02	0.25	1.63
1ey0	I	M	E	74.86	136	1	7	0.0036	-0.0396	0.0046	-18.04	0.2	0.43	0.15
1ey0	D	F	C	5.83	136	1	7	-0.1683	0.2334	0.0224	-32.09	-2.71	-2.57	1.28
1ey0	D	K	C	7.12	136	1	7	0.0758	0.061	0.0193	-13.09	-6.82	0.51	-1.1
1ey0	T	I	E	9.75	136	1	7	-0.0609	0.2736	0.0277	-12.05	-0.3	-2.22	0.61
1ey0	V	I	E	0.67	136	1	7	0.082	0.0331	-0.0062	-14.02	0.02	-0.37	-0.03
1ey0	V	L	E	0.67	136	1	7	0.0383	0.0356	-0.0046	-14.02	-0.02	-0.25	0.02
1ey0	K	F	E	77.43	136	1	7	0.1747	0.4343	0.0031	-19.0	4.11	-3.08	0.4
1ey0	Y	C	E	15.31	136	1	7	-0.0155	0.0228	-0.0008	60.04	0.64	-0.48	2.72
1ey0	G	V	C	62.98	136	1	7	-0.031	-0.0273	-0.2698	-42.08	0.01	-2.05	3.11
1ey0	T	C	E	33.98	136	1	7	-0.0134	0.1823	0.0324	-2.03	0.62	-2.01	1.04
1ey0	L	V	E	0.82	136	1	7	-0.1126	-0.0991	0.0046	14.02	0.02	0.25	3.58
1ey0	L	I	C	13.78	136	1	7	0.0262	-0.0846	-0.0015	0.0	0.04	-0.12	1.82
1ey0	V	I	E	0.14	136	1	7	0.0465	0.0206	-0.0062	-14.02	0.02	-0.37	-0.11
1ey0	V	L	E	0.14	136	1	7	0.1069	0.0644	-0.0046	-14.02	-0.02	-0.25	0.9
1ey0	T	I	C	9.08	136	1	7	0.0989	0.24	0.0277	-12.05	-0.3	-2.22	-0.86
1ey0	T	C	C	37.5	136	1	7	-0.0131	0.1109	0.0324	-2.03	0.62	-2.01	0.04
1ey0	V	L	C	105.92	136	1	7	-0.0327	-0.0265	-0.0324	-14.02	-0.02	-0.25	0.1
1ey0	Y	F	H	41.32	136	1	7	-0.0241	0.0653	-0.0054	16.0	0.18	-0.45	0.38
1ey0	G	V	H	0.04	136	1	7	-0.0741	0.0529	0.0355	-42.08	0.01	-2.05	1.48
1ey0	K	Q	H	88.6	136	1	7	0.0517	0.0394	-0.0116	0.04	3.94	-0.09	0.89
1ey0	M	F	H	31.47	136	1	7	-0.186	-0.0229	-0.0046	-15.98	0.26	-0.19	1.62
1ey0	M	I	H	31.47	136	1	7	-0.024	0.0608	-0.0046	18.04	-0.2	-0.43	1.43
1ey0	V	I	H	2.66	136	1	7	0.1143	0.0979	-0.0062	-14.02	0.02	-0.37	0.76
1ey0	K	E	C	179.23	136	1	7	-0.088	-0.05	0.017	-0.94	6.37	-0.63	0.3
1ey0	I	L	E	14.57	136	1	7	-0.0115	-0.0495	0.0015	0.0	-0.04	0.12	0.23
1ey0	V	L	E	0.0	136	1	7	-0.0316	0.0143	-0.0046	-14.02	-0.02	-0.25	1.12
1ey0	D	K	C	6.98	136	1	7	0.0227	-0.0357	0.0193	-13.09	-6.82	0.51	3.28
1ey0	K	Q	C	116.02	136	1	7	0.0381	0.0056	0.0092	0.04	3.94	-0.09	0.15
1ey0	T	C	C	74.85	136	1	7	0.0973	0.1154	0.0324	-2.03	0.62	-2.01	0.19
1ey0	T	I	C	74.85	136	1	7	0.0236	0.105	0.0277	-12.05	-0.3	-2.22	-0.51
1ey0	K	Q	C	175.84	136	1	7	-0.0096	0.0148	0.0092	0.04	3.94	-0.09	0.15
1ey0	G	F	C	48.62	136	1	7	-0.0217	0.0211	-0.2914	-90.12	0.49	-2.18	1.99
1ey0	L	I	E	28.24	136	1	7	0.093	0.0598	-0.0015	0.0	0.04	-0.12	1.04
1ey0	I	M	E	0.46	136	1	7	-0.0401	-0.1297	0.0046	-18.04	0.2	0.43	1.75
1ey0	G	F	C	56.16	136	1	7	-0.0213	0.0392	-0.2914	-90.12	0.49	-2.18	2.55
1ey0	G	V	C	56.16	136	1	7	-0.0339	0.0118	-0.2698	-42.08	0.01	-2.05	3.74
1ey0	V	I	H	0.0	136	1	7	0.0497	0.0281	-0.0062	-14.02	0.02	-0.37	-0.27
1ey0	R	C	H	72.82	136	1	7	-0.0932	0.2297	0.0	53.05	6.13	-2.11	2.55
1ey0	L	V	C	9.02	136	1	7	-0.0194	-0.0406	0.1079	14.02	0.02	0.25	3.81
1ey0	V	I	E	13.69	136	1	7	0.0377	-0.023	-0.0062	-14.02	0.02	-0.37	0.74
1ey0	V	L	E	13.69	136	1	7	-0.0491	-0.0115	-0.0046	-14.02	-0.02	-0.25	0.88
1ey0	V	I	C	40.58	136	1	7	0.0239	0.0307	-0.017	-14.02	0.02	-0.37	0.15
1ey0	H	E	H	93.28	136	1	7	0.1331	0.0284	0.2837	8.03	4.25	1.11	-0.46
1ey0	L	I	H	0.0	136	1	7	-0.0231	-0.0965	-0.0015	0.0	0.04	-0.12	0.96
1ey0	L	V	H	51.0	136	1	7	-0.0777	-0.0009	0.0046	14.02	0.02	0.25	1.42
1ey0	I	L	H	47.93	136	1	7	-0.0288	-0.0069	0.0015	0.0	-0.04	0.12	0.09
1fna	I	V	E	0.0	91	1	5	-0.1811	-0.008	0.0098	14.02	-0.02	0.37	0.11
1fna	V	A	E	9.4	91	1	5	-0.1204	-0.1504	-0.0394	28.06	-0.04	1.04	2.85
1ftg	L	A	E	0.0	168	1	7	-0.2153	-0.2034	-0.0247	42.08	-0.02	1.29	3.11
1ftg	D	K	H	47.68	168	1	7	-0.0543	-0.0006	0.0197	-13.09	-6.82	0.51	0.1
1ftg	E	K	H	78.98	168	1	7	-0.0106	0.0383	-0.0118	0.94	-6.37	0.63	-1.41
1ftg	D	K	H	109.75	168	1	7	0.1146	0.0013	-0.0197	-13.09	-6.82	0.51	-1.03
1ftg	A	G	E	0.0	168	1	7	-0.0607	-0.2688	-0.0124	14.02	0.03	1.01	1.9
1ftg	N	A	C	28.15	168	1	7	0.1091	0.127	0.0039	43.03	-0.59	-1.73	0.58
1ftg	Q	A	C	0.28	168	1	7	0.1311	0.2252	0.2095	57.06	-0.35	-1.82	-1.59
1ftg	S	A	H	43.42	168	1	7	0.0665	0.117	0.018	16.0	-0.32	-1.12	0.73
1ftg	D	K	C	105.08	168	1	7	0.0309	0.0239	-0.0197	-13.09	-6.82	0.51	-0.81
1ftg	I	V	H	2.53	168	1	7	-0.1548	-0.0669	0.0084	14.02	-0.02	0.37	3.16
1ftg	V	A	H	0.0	168	1	7	0.0481	-0.0356	-0.0326	28.06	-0.04	1.04	2.07
1g4i	F	I	H	15.89	123	1	8	0.0399	0.0313	0.0	34.02	-0.46	-0.24	-1.43
1g4i	F	Y	H	15.89	123	1	8	-0.0736	-0.0497	0.0099	-16.0	-0.18	0.45	-0.83
1g4i	H	A	H	17.92	123	1	8	0.1412	0.1717	-0.043	66.07	1.47	-0.17	1.93
1g4i	H	Q	H	17.92	123	1	8	-0.0153	0.0014	-0.0305	9.01	1.82	1.65	0.49
1g4i	F	A	H	11.3	123	1	8	-0.0246	-0.0915	-0.0305	76.1	-0.52	1.17	1.23
1h7m	D	A	H	87.82	96	1	7.4	-0.1319	0.0933	-0.2221	44.01	-3.23	-1.4	0.53
1h7m	K	A	H	67.13	96	1	7.4	-0.0568	0.1477	-0.0182	57.1	3.59	-1.91	0.29
1h7m	K	A	C	126.96	96	1	7.4	-0.0738	0.3215	-0.0182	57.1	3.59	-1.91	-0.12
1h7m	K	A	H	45.68	96	1	7.4	0.1026	0.3512	-0.0182	57.1	3.59	-1.91	1.1
1h7m	E	A	H	109.8	96	1	7.4	0.0127	0.0613	-0.213	58.04	-2.78	-1.28	0.05
1h7m	R	A	H	181.37	96	1	7.4	0.0216	0.0236	-0.1403	85.11	5.15	-0.91	0.26
1h7m	E	A	C	133.84	96	1	7.4	-0.089	0.2113	-0.213	58.04	-2.78	-1.28	0.26
1h7m	D	A	E	66.63	96	1	7.4	-0.1086	0.2139	-0.0065	44.01	-3.23	-1.4	1.36
1hfz	H	Y	H	76.49	123	1	7.4	0.1125	0.2099	-0.0018	-26.03	1.81	-0.89	-0.07
1hfz	I	W	C	66.76	123	1	7.4	-0.1125	-0.0727	0.0036	-73.06	0.05	0.56	0.93
1hfz	H	W	H	17.28	123	1	7.4	0.0085	0.1221	-0.0009	-49.07	1.58	-1.02	1.72
1hfz	H	Y	H	17.28	123	1	7.4	0.0269	-0.0002	-0.0018	-26.03	1.81	-0.89	0.19
1hfz	L	E	H	93.19	123	1	7.4	-0.1286	-0.1771	0.2975	-15.96	2.76	2.57	0.19
1hfz	K	E	C	181.0	123	1	7.4	0.0549	0.0102	0.0125	-0.94	6.37	-0.63	0.65
1hme	G	H	H	35.04	77	1	7	0.0463	0.0237	-0.2945	-80.09	-1.5	-0.84	0.33
1hmk	V	A	H	0.0	121	1	7	-0.0513	-0.1706	-0.0478	28.06	-0.04	1.04	0.83
1hmk	L	A	C	0.0	121	1	7	-0.3038	-0.3206	-0.0487	42.08	-0.02	1.29	2.73
1hmk	V	A	H	0.0	121	1	7	-0.0276	-0.1679	-0.0478	28.06	-0.04	1.04	1.24
1hmk	T	V	H	0.41	121	1	7	0.2031	0.3044	0.0588	1.97	-0.32	-1.85	-2.26
1hmk	I	V	C	0.54	121	1	7	-0.1093	-0.1467	0.0	14.02	-0.02	0.37	2.72
1hmk	W	A	C	6.32	121	1	7	0.0617	-0.0425	-0.0533	115.14	-0.11	0.85	2.01
1hmk	I	V	H	13.6	121	1	7	-0.0705	-0.0857	0.0	14.02	-0.02	0.37	0.86
1hmk	I	V	H	0.0	121	1	7	-0.0858	-0.1143	0.0	14.02	-0.02	0.37	1.72
1hmk	L	A	H	21.08	121	1	7	-0.1627	-0.2025	-0.0487	42.08	-0.02	1.29	1.75
1hmk	Y	F	H	57.31	121	1	7	-0.0088	0.0323	-0.0064	16.0	0.18	-0.45	2.13
1hmk	L	A	H	80.28	121	1	7	-0.0888	-0.1385	0.0992	42.08	-0.02	1.29	0.35
1hms	F	S	C	7.82	131	1	8	-0.2196	-0.381	-0.0473	60.1	-0.2	2.29	3.67
1hms	F	S	H	42.56	131	1	8	-0.0628	-0.2631	-0.0473	60.1	-0.2	2.29	3.98
1hms	T	E	E	3.25	131	1	8	-0.2039	-0.1889	0.0318	-28.01	2.42	0.47	2.4
1hms	F	S	C	85.19	131	1	8	0.0183	-0.1584	0.3359	60.1	-0.2	2.29	2.43
1hms	L	G	C	64.26	131	1	8	-0.2489	-0.3576	-0.0448	56.1	0.01	2.3	3.67
1hms	R	T	E	18.59	131	1	8	0.0217	0.1852	-0.0424	55.08	5.51	-0.1	2.84
1iet	D	R	C	104.7	94	1	7.2	0.0515	0.0338	0.067	-41.1	-8.38	-0.49	-0.14
1ifc	W	Y	E	6.39	131	1	7	0.0632	0.0842	0.0	23.04	0.23	0.13	0.87
1ifc	V	C	E	14.0	131	1	8.1	-0.0116	-0.0889	-0.009	-4.0	0.94	-0.16	0.07
1ifc	V	N	E	14.0	131	1	7	-0.0972	-0.3673	-0.0448	-14.97	0.55	2.77	0.83
1ifc	L	G	C	25.86	131	1	7.4	-0.1052	-0.1073	-0.0481	56.1	0.01	2.3	2.26
1ifc	G	A	C	47.82	131	1	7.4	-0.0473	0.0143	-0.1826	-14.02	-0.03	-1.01	0.94
1ifc	F	A	E	35.23	131	1	7	-0.0965	-0.0974	-0.0245	76.1	-0.52	1.17	0.42
1ifc	F	A	E	9.82	131	1	7	0.054	-0.0926	-0.0245	76.1	-0.52	1.17	2.37
1igv	Y	F	H	19.35	75	1	7.1	0.0521	0.0074	-0.0094	16.0	0.18	-0.45	1.08
1igv	F	W	H	0.0	75	1	7	-0.2374	-0.0067	0.0094	-39.04	-0.41	0.32	0.93
1igv	V	L	H	15.8	75	1	7	0.2601	0.3481	0.0019	-14.02	-0.02	-0.25	0.13
1ihb	F	H	C	138.38	156	1	7.5	-0.0074	-0.0673	-0.005	10.03	-1.99	1.34	0.66
1ihb	F	Q	C	75.67	156	1	7.5	0.0033	-0.2516	0.0063	19.04	-0.17	2.99	0.37
1imq	V	L	H	0.0	86	1	6	0.1855	0.1726	-0.0077	-14.02	-0.02	-0.25	1.82
1imq	E	L	H	137.51	86	1	6	-0.0029	0.112	-0.3445	15.96	-2.76	-2.57	0.67
1imq	E	V	H	64.89	86	1	6	-0.3538	0.2464	0.0276	29.98	-2.74	-2.32	-0.89
1iro	V	I	C	4.46	53	1	9.1	0.09	-0.0419	-0.019	-14.02	0.02	-0.37	-0.36
1iro	I	L	C	2.23	53	1	9.1	0.1623	0.1267	0.0032	0.0	-0.04	0.12	-0.76
1jiw	D	A	H	78.7	105	1	7.1	0.0521	-0.0174	-0.2124	44.01	-3.23	-1.4	0.7
1jiw	W	F	E	1.18	105	1	7.1	0.0238	-0.0668	-0.0091	39.04	0.41	-0.32	2.3
1k9q	L	Y	E	50.49	40	1	7	-0.2741	-0.1293	0.0048	-50.02	0.32	0.57	-0.27
1kfw	N	K	C	101.17	435	1	7.5	-0.0429	0.0253	0.0084	-14.07	-4.18	0.18	-0.81
1kfw	G	Q	C	29.86	435	1	7.5	0.0003	0.0207	0.012	-71.08	0.32	0.81	-0.62
1lni	T	V	H	50.19	96	1	7	0.1726	0.1736	0.0649	1.97	-0.32	-1.85	-0.3
1lni	Y	F	C	58.53	96	1	7	-0.0593	0.0184	0.0247	16.0	0.18	-0.45	-0.4
1lni	V	T	C	25.68	96	1	7	0.0332	-0.1307	0.0818	-1.97	0.32	1.85	0.5
1lni	Y	F	E	24.36	96	1	7	0.0978	0.0394	-0.0052	16.0	0.18	-0.45	0.6
1lni	T	V	E	3.12	96	1	7	0.0687	0.3355	0.0649	1.97	-0.32	-1.85	1.9
1lni	D	F	E	12.27	96	1	6.8	0.3139	0.8614	0.026	-32.09	-2.71	-2.57	-2.73
1lni	D	I	E	12.27	96	1	7	0.5722	0.9369	0.0312	1.93	-3.17	-2.81	-2.85
1lni	D	K	E	12.27	96	1	7	0.1709	0.1772	0.0234	-13.09	-6.82	0.51	-2.35
1lni	D	L	E	12.27	96	1	7	0.5108	0.9535	0.0273	1.93	-3.21	-2.69	-2.65
1lni	D	N	E	12.27	96	1	6.8	0.1838	0.1385	-0.0195	0.98	-2.64	0.33	-1.46
1lni	D	Y	E	12.27	96	1	7	0.246	0.7636	0.0312	-48.09	-2.89	-2.12	-2.9
1lni	Y	F	E	6.89	96	1	7	0.0214	0.1206	-0.0052	16.0	0.18	-0.45	1.5
1lni	H	Q	C	98.94	96	1	6.3	-0.0311	0.0575	0.2935	9.01	1.82	1.65	0
1lni	Q	K	C	85.39	96	1	6.8	0.008	-0.123	-0.0013	-0.04	-3.94	0.09	-0.56
1lz1	G	A	C	82.0	130	1	2.7	0.0483	-0.0096	-0.1905	-14.02	-0.03	-1.01	-0.45
1lz1	G	A	C	14.16	130	1	2.7	-0.0197	0.1502	0.0181	-14.02	-0.03	-1.01	0.62
1mgr	Y	F	C	18.68	97	1	7	-0.0678	-0.0056	-0.009	16.0	0.18	-0.45	2.6
1mgr	Y	F	E	10.48	97	1	7	0.0439	0.0041	-0.009	16.0	0.18	-0.45	1
1mjc	F	L	E	57.7	69	1	7	0.1863	0.1163	0.0021	34.02	-0.5	-0.12	0.31
1mjc	F	S	E	57.7	69	1	7	-0.1508	-0.5894	-0.0617	60.1	-0.2	2.29	1.16
1mjc	F	S	E	71.88	69	1	7	-0.1565	-0.5387	-0.0617	60.1	-0.2	2.29	1.03
1mjc	S	W	E	8.73	69	1	7	-0.05	0.361	0.0703	-99.14	-0.21	-1.97	0.2
1msi	E	A	E	68.09	66	1	7	0.1737	0.5302	-0.0228	58.04	-2.78	-1.28	0.09
1msi	R	A	C	93.2	66	1	7	-0.0123	0.2124	-0.0273	85.11	5.15	-0.91	0.74
1msi	D	N	C	92.18	66	1	7	-0.0374	-0.0402	0.0228	0.98	-2.64	0.33	0.2
1oia	Y	F	C	68.3	90	1	7	0.0806	0.0264	0.0229	16.0	0.18	-0.45	0
1oia	Y	T	E	19.03	90	1	7	-0.0822	-0.1008	-0.0787	62.07	0.02	1.53	2.9
1hn4	H	K	H	25.06	129	1	7	0.0919	-0.0361	-0.0142	8.97	-2.12	1.74	2.12
1qlp	A	L	H	5.54	372	1	6.5	-0.0136	0.1396	0.0227	-42.08	0.02	-1.29	-0.9
1qlp	V	I	H	4.67	372	1	6.5	0.0269	0.0616	-0.001	-14.02	0.02	-0.37	0.2
1qlp	A	G	H	66.85	372	1	6.5	0.0237	-0.0656	0.1053	14.02	0.03	1.01	-1.6
1qlp	Y	W	H	24.41	372	1	7.8	0.0592	0.0296	0.0	-23.04	-0.23	-0.13	-1.18
1qlp	A	I	E	0.7	372	1	6.5	0.0605	0.1609	0.0217	-42.08	0.06	-1.41	-1.8
1qlp	A	V	E	0.7	372	1	6.5	0.0315	0.1263	0.0227	-28.06	0.04	-1.04	-3.8
1qlp	W	F	E	52.85	372	1	7.8	0.0582	0.0303	-0.0019	39.04	0.41	-0.32	-0.98
1qlp	A	F	E	0.62	372	1	6.5	0.094	0.0765	0.0215	-76.1	0.52	-1.17	-1.8
1qlp	A	I	E	0.62	372	1	6.5	0.1554	0.1037	0.0217	-42.08	0.06	-1.41	-2.2
1qlp	A	L	E	0.62	372	1	6.5	0.1748	0.1089	0.0227	-42.08	0.02	-1.29	-0.35
1qlp	A	V	E	0.62	372	1	6.5	0.1259	0.0855	0.0227	-28.06	0.04	-1.04	-2.3
1qlp	A	I	E	0.0	372	1	6.5	0.1219	0.0693	0.0217	-42.08	0.06	-1.41	0
1qlp	A	V	E	0.0	372	1	6.5	0.1102	0.0909	0.0227	-28.06	0.04	-1.04	-0.8
1qlp	V	I	C	0.0	372	1	6.5	0.0119	0.0135	-0.001	-14.02	0.02	-0.37	-0.6
1qlp	S	R	C	6.64	372	1	7.8	0.0109	-0.0338	0.0259	-69.11	-5.47	-0.21	2.44
1qlp	K	F	E	37.49	372	1	7.8	0.0947	0.2755	0.0041	-19.0	4.11	-3.08	-1.75
1qlp	V	L	E	2.27	372	1	6.5	-0.0262	0.0332	0.0	-14.02	-0.02	-0.25	0.3
1qlp	M	I	E	1.26	372	1	6.5	0.0682	0.0672	0.0	18.04	-0.2	-0.43	-2.3
1qlp	S	A	C	0.38	372	1	6.5	0.0499	0.1462	0.0053	16.0	-0.32	-1.12	-1
1rg8	C	S	E	0.14	141	1	6.6	-0.0955	-0.3497	-0.0277	16.06	-0.66	2.32	2.81
1rg8	L	F	E	0.0	141	1	7.3	-0.2743	-0.005	0.027	-34.02	0.5	0.12	-0.59
1rg8	N	G	H	48.54	141	1	6.6	-0.0314	0.0714	-0.0044	57.05	-0.56	-0.72	-0.16
1rg8	V	I	C	0.24	141	1	7.3	0.0949	0.0696	0.0	-14.02	0.02	-0.37	0.05
1ris	I	A	E	0.53	97	1	8	-0.4439	-0.3242	-0.0793	42.08	-0.06	1.41	3.56
1ris	L	A	H	88.41	97	1	8	-0.0876	-0.115	0.1023	42.08	-0.02	1.29	0.16
1ris	Y	A	H	35.75	97	1	8	0.0027	-0.0732	-0.0793	92.1	-0.34	0.72	-0.41
1ris	L	A	E	14.58	97	1	8	-0.1602	-0.103	0.1023	42.08	-0.02	1.29	0.21
1ris	F	A	E	22.66	97	1	8	-0.0842	-0.1241	-0.0665	76.1	-0.52	1.17	0.81
1ris	L	A	H	0.22	97	1	8	-0.1198	-0.2923	-0.0729	42.08	-0.02	1.29	1.35
1ris	L	A	H	4.99	97	1	8	-0.4906	-0.2912	-0.0729	42.08	-0.02	1.29	3.91
1b2m	V	T	H	1.24	104	1	7	-0.2082	-0.4462	-0.0392	-1.97	0.32	1.85	3.65
1b2m	G	A	H	0.0	104	1	7.4	0.2474	0.3049	-0.0357	-14.02	-0.03	-1.01	1.2
1b2m	D	A	C	145.75	104	1	6.3	0.0373	0.1283	-0.1981	44.01	-3.23	-1.4	-0.5
1b2m	V	S	E	0.0	104	1	7	-0.3959	-0.9146	-0.0726	12.06	0.28	2.16	4.73
1b2m	V	T	E	0.0	104	1	7	-0.1665	-0.7189	-0.0392	-1.97	0.32	1.85	3.59
1rtb	A	S	H	30.58	124	1	7.1	-0.1598	-0.1277	-0.0257	-16.0	0.32	1.12	0.27
1rtb	F	V	E	0.0	124	1	6	0.0448	0.0637	0.0053	48.04	-0.48	0.13	4.55
1rtb	V	A	H	0.0	124	1	5	-0.0457	-0.1066	-0.023	28.06	-0.04	1.04	2.85
1rtb	V	L	H	0.0	124	1	5	0.1297	0.1114	-0.0053	-14.02	-0.02	-0.25	2.37
1rtb	V	A	E	48.73	124	1	5	-0.1177	-0.0652	-0.023	28.06	-0.04	1.04	2.03
1rwy	K	S	H	141.24	109	1	7.4	-0.0506	0.0125	0.087	41.1	3.91	-0.79	0.29
3ua6	E	F	C	19.13	57	1	8	-0.1287	0.8618	0.0113	-18.06	-2.26	-2.45	1.63
3ua6	E	H	C	19.13	57	1	8	-0.045	0.3865	0.0255	-8.03	-4.25	-1.11	0.99
3ua6	E	K	C	19.13	57	1	8	-0.2404	0.0627	0.0142	0.94	-6.37	0.63	0.97
3ua6	E	L	C	19.13	57	1	8	0.0317	0.9987	0.0142	15.96	-2.76	-2.57	3.02
3ua6	E	Y	C	19.13	57	1	8	-0.0303	0.7479	0.0198	-34.06	-2.44	-2.0	2.4
3ua6	I	A	E	31.34	57	1	7	-0.3833	-0.2629	-0.0453	42.08	-0.06	1.41	2.84
3ua6	I	L	E	31.34	57	1	7	-0.0477	0.0132	-0.0028	0.0	-0.04	0.12	0.71
3ua6	S	D	E	0.21	57	1	8	-0.1659	-0.2972	0.0368	-28.01	2.91	0.28	2.02
3ua6	S	F	E	0.21	57	1	8	-0.1853	0.5456	0.068	-60.1	0.2	-2.29	1.9
3ua6	S	G	E	0.21	57	1	8	0.0345	-0.0682	0.0113	30.02	-0.29	-0.11	1.68
3ua6	S	H	E	0.21	57	1	8	0.0641	-0.0016	0.0822	-50.07	-1.79	-0.95	1.25
3ua6	S	L	E	0.21	57	1	8	0.0006	0.6065	0.0708	-26.08	-0.3	-2.41	0.37
3ua6	S	N	E	0.21	57	1	8	0.0146	-0.3109	0.0227	-27.03	0.27	0.61	0.73
3ua6	G	A	C	22.88	57	1	8	-0.0418	0.1524	-0.255	-14.02	-0.03	-1.01	1.78
3ua6	V	M	E	10.97	57	1	7	-0.0243	-0.1444	-0.0028	-32.06	0.22	0.06	0.52
1tit	L	A	E	8.52	89	1	7.4	-0.1795	-0.2526	-0.0407	42.08	-0.02	1.29	4.88
1tit	C	S	C	0.09	89	1	7.3	-0.3359	-0.3204	-0.0495	16.06	-0.66	2.32	2.08
1tit	V	A	E	6.22	89	1	7.4	-0.2276	-0.228	-0.0335	28.06	-0.04	1.04	4.45
1ttq	F	L	E	9.94	256	1	7.8	0.0582	0.0769	0.0018	34.02	-0.5	-0.12	1.05
1ttq	F	V	E	9.94	256	1	7.8	0.0125	-0.0229	0.0036	48.04	-0.48	0.13	3.44
1uzc	E	A	H	114.93	69	1	5.7	0.0395	0.1922	-0.2576	58.04	-2.78	-1.28	0.62
1uzc	Q	G	H	106.44	69	1	5.7	-0.2565	-0.1618	0.0128	71.08	-0.32	-0.81	1.57
1uzc	I	V	H	70.49	69	1	5.7	-0.142	-0.1328	-0.0021	14.02	-0.02	0.37	0.3
1uzc	A	G	H	0.02	69	1	5.7	-0.079	-0.348	-0.0255	14.02	0.03	1.01	2.07
1yyj	L	A	H	67.74	106	1	5	-0.0001	-0.0974	-0.0661	42.08	-0.02	1.29	1.6
1yyj	A	G	C	0.06	106	1	5	-0.0911	-0.1967	-0.0168	14.02	0.03	1.01	1.97
1yyj	F	A	H	15.99	106	1	5	-0.062	-0.0264	-0.0649	76.1	-0.52	1.17	4.52
1yyj	F	A	H	7.95	106	1	5	-0.0125	-0.0658	-0.0649	76.1	-0.52	1.17	1.92
1yyj	Y	A	H	61.5	106	1	5	0.0673	-0.0584	0.0996	92.1	-0.34	0.72	2.36
1zg4	W	F	C	87.47	263	1	7	0.0057	0.0014	0.0207	39.04	0.41	-0.32	0.83
1znj	H	E	H	139.37	51	2	8	0.1145	-0.0753	0.4049	8.03	4.25	1.11	-1.11
1znj	H	T	H	139.37	51	2	8	-0.2175	0.0425	0.1205	36.04	1.83	0.64	-0.03
1znj	F	D	E	87.8	51	2	8	0.1912	-0.577	0.425	32.09	2.71	2.57	-0.48
1av1	L	R	H	26.51	804	4	7.4	-0.3385	-0.4654	0.1596	-43.03	-5.17	2.2	0.65
2a36	T	A	C	73.43	59	1	6	-0.1058	0.0442	-0.0323	30.03	-0.36	-0.81	-0.4
2a36	T	F	C	73.43	59	1	6	-0.1261	0.1225	-0.1507	-46.07	0.16	-1.98	-1.3
2a36	T	L	C	73.43	59	1	6	0.0158	0.1794	-0.1695	-12.05	-0.34	-2.1	-0.5
2a36	T	N	C	73.43	59	1	6	-0.055	-0.1544	0.2799	-13.0	0.23	0.92	-1.3
2dri	V	E	H	1.18	271	1	7.7	-0.2156	-0.3654	-0.0099	-29.98	2.74	2.32	3.5
2imm	A	L	C	64.25	114	1	7.4	0.1764	0.1308	-0.1205	-42.08	0.02	-1.29	-1.36
2imm	M	L	E	0.13	114	1	7.4	0.061	0.1196	-0.011	18.04	-0.24	-0.31	0.31
2imm	K	R	E	113.81	114	1	7.4	0.1254	0.0963	0.007	-28.01	-1.56	-1.0	0.17
2imm	Q	E	H	65.89	114	1	7.4	-0.0477	-0.0419	-0.006	-0.98	2.43	-0.54	0.41
2imm	L	I	E	54.64	114	1	7.4	-0.0848	-0.0266	0.005	0.0	0.04	-0.12	-0.36
2lzm	G	D	C	67.98	164	1	7	-0.0134	0.0736	0.014	-58.03	3.2	0.39	2.63
2lzm	I	Y	E	5.77	164	1	7	-0.1592	-0.1078	-0.0035	-50.02	0.28	0.69	3.11
2lzm	A	I	H	0.0	164	1	7	-0.0552	0.1351	0.0297	-42.08	0.06	-1.41	4.31
2lzm	F	C	H	1.27	164	1	7	-0.06	-0.0733	-0.0006	44.04	0.46	-0.03	3.11
2nvh	R	Q	C	194.72	152	1	6.5	0.0503	-0.0406	0.0594	28.05	5.5	0.91	0.57
2nvh	N	D	E	50.94	152	1	6.5	-0.1073	-0.0383	0.0091	-0.98	2.64	-0.33	-0.09
2nvh	C	S	E	0.06	152	1	6.5	-0.2439	-0.2824	-0.0502	16.06	-0.66	2.32	3.74
2rn2	H	A	C	135.92	155	1	6.4	-0.067	0.0555	0.0773	66.07	1.47	-0.17	-0.44
2rn2	H	A	H	118.19	155	1	6.4	0.0715	0.0726	0.0773	66.07	1.47	-0.17	-0.07
2trx	D	I	E	1.88	108	1	7	0.4323	1.1059	0.0261	1.93	-3.17	-2.81	-3.37
2trx	T	L	H	0.09	108	1	7	0.1795	0.2665	0.0457	-12.05	-0.34	-2.1	1.03
3gly	G	A	H	0.0	470	1	4.5	0.0675	0.1591	0.0061	-14.02	-0.03	-1.01	1.4
3gly	G	A	H	21.66	470	1	4.5	0.0161	0.1261	0.0061	-14.02	-0.03	-1.01	-0.11
3mbp	W	A	E	24.59	370	1	7.6	0.025	-0.0243	-0.0144	115.14	-0.11	0.85	4.31
3pgk	Y	W	H	82.38	416	1	7.5	0.0235	0.0104	-0.001	-23.04	-0.23	-0.13	1.62
3pgk	Y	W	C	82.7	416	1	7.5	-0.0522	-0.0012	0.0003	-23.04	-0.23	-0.13	2.19
3pgk	F	W	H	7.72	416	1	7.5	-0.0645	-0.0191	0.0017	-39.04	-0.41	0.32	1.12
3pgk	H	Q	E	3.7	416	1	6.5	-0.0485	-0.0503	-0.0089	9.01	1.82	1.65	0.84
3sil	A	L	E	0.0	379	1	7	0.107	0.1703	-0.0972	-42.08	0.02	-1.29	-0.9
4lyz	E	A	H	33.0	129	1	4.6	0.1671	0.2784	-0.0083	58.04	-2.78	-1.28	-1.24
1ra9	I	V	E	16.15	159	1	7.8	-0.0424	-0.007	0.0	14.02	-0.02	0.37	0.55
1ra9	W	M	H	13.18	159	1	7.8	0.1266	0.0157	-0.0024	55.02	0.15	-0.13	1.94
1ra9	V	H	E	0.0	159	1	7.8	-0.3057	-0.53	-0.0006	-38.01	-1.51	1.21	2.76
1ra9	N	T	E	10.04	159	1	7.8	0.0406	0.2704	-0.0024	13.0	-0.23	-0.92	0.05
1ra9	N	W	E	10.04	159	1	7.8	0.1196	0.3984	0.0488	-72.11	-0.48	-2.58	0.79
1ra9	G	S	C	35.22	159	1	7	-0.1263	0.0068	0.0006	-30.02	0.29	0.11	0.27
1ra9	G	T	C	35.22	159	1	7	-0.1266	0.0398	0.0085	-44.05	0.33	-0.2	0.62
1ra9	G	A	E	1.94	159	1	7.8	-0.0579	0.3203	0.0152	-14.02	-0.03	-1.01	0.9
1ra9	G	C	C	25.95	159	1	7	0.0038	0.1294	0.0482	-46.08	0.95	-2.21	0.22
1ra9	G	H	C	25.95	159	1	7	-0.0996	-0.0536	0.061	-80.09	-1.5	-0.84	0.56
1ra9	I	T	E	23.11	159	1	7.8	-0.1485	-0.193	-0.0531	12.05	0.3	2.22	2.53
5pti	A	T	C	45.49	58	1	8.7	-0.0886	-0.1061	0.0635	-30.03	0.36	0.81	1.7
5pti	A	V	C	45.49	58	1	8.7	0.0476	0.0241	-0.0745	-28.06	0.04	-1.04	1.3
5pti	Y	D	E	14.09	58	1	8.7	-0.117	-0.5564	-0.0359	48.09	2.89	2.12	3.8
